file,start,stop,species,couple ID,with female,exit azimuth,IDs,calibration_ID,rownumber,dropoffx,dropoffy
20191218_A.MTS,00:26:56.331,00:27:24.935,fasciculatus,1f,true,260,couple_2f,20191218_A.MTS,1,,
20191218_A.MTS,00:27:31.672,00:27:48.788,fasciculatus,1f,true,300,couple_2f,20191218_A.MTS,2,,
20191218_A.MTS,00:27:54.819,00:28:11.292,fasciculatus,1f,true,280,couple_2f,20191218_A.MTS,3,,
20191218_A.MTS,00:28:15.616,00:28:37.128,fasciculatus,1f,true,265,couple_2f,20191218_A.MTS,4,,
20191218_A.MTS,00:28:44.598,00:29:03.683,fasciculatus,1f,true,285,couple_2f,20191218_A.MTS,5,,
20191218_A.MTS,00:29:10.068,00:29:25.003,fasciculatus,1f,true,270,couple_2f,20191218_A.MTS,6,,
20191218_A.MTS,00:29:31.596,00:29:46.855,fasciculatus,1f,true,280,couple_2f,20191218_A.MTS,7,,
20191218_B.MTS,00:00:01.012,00:00:16.728,fasciculatus,1f,true,295,couple_2f,20191218_A.MTS,8,,
20191218_B.MTS,00:00:22.668,00:00:33.013,fasciculatus,1f,true,280,couple_2f,20191218_A.MTS,9,,
20191218_B.MTS,00:00:40.498,00:01:00.032,fasciculatus,1f,true,270,couple_2f,20191218_A.MTS,10,,
20191218_B.MTS,00:01:30.165,00:01:41.079,fasciculatus,1f,false,280,drager_2f,20191218_A.MTS,11,,
20191218_B.MTS,00:01:45.936,00:01:57.631,fasciculatus,1f,false,300,drager_2f,20191218_A.MTS,12,,
20191218_B.MTS,00:02:01.691,00:02:12.042,fasciculatus,1f,false,285,drager_2f,20191218_A.MTS,13,,
20191218_B.MTS,00:02:20.415,00:02:31.308,fasciculatus,1f,false,275,drager_2f,20191218_A.MTS,14,,
20191218_B.MTS,00:02:36.002,00:02:47.331,fasciculatus,1f,false,280,drager_2f,20191218_A.MTS,15,,
20191218_B.MTS,00:02:51.292,00:03:03.984,fasciculatus,1f,false,265,drager_2f,20191218_A.MTS,16,,
20191218_B.MTS,00:03:08.848,00:03:20.539,fasciculatus,1f,false,295,drager_2f,20191218_A.MTS,17,,
20191218_B.MTS,00:03:23.501,00:03:34.931,fasciculatus,1f,false,285,drager_2f,20191218_A.MTS,18,,
20191218_B.MTS,00:03:40.797,00:03:52.046,fasciculatus,1f,false,285,drager_2f,20191218_A.MTS,19,,
20191218_B.MTS,00:03:59.603,00:04:11.506,fasciculatus,1f,false,280,drager_2f,20191218_A.MTS,20,,
20191218_B.MTS,00:07:36.767,00:08:00.24,fasciculatus,2f,true,295,couple_3f,20191218_A.MTS,21,,
20191218_B.MTS,00:08:16.442,00:08:46.152,fasciculatus,2f,true,290,couple_3f,20191218_A.MTS,22,,
20191218_B.MTS,00:08:52.359,00:09:14.237,fasciculatus,2f,true,300,couple_3f,20191218_A.MTS,23,,
20191218_B.MTS,00:09:19.045,00:09:42.145,fasciculatus,2f,true,305,couple_3f,20191218_A.MTS,24,,
20191218_B.MTS,00:09:48.268,00:10:07.982,fasciculatus,2f,true,295,couple_3f,20191218_A.MTS,25,,
20191218_B.MTS,00:10:13.295,00:10:31.298,fasciculatus,2f,true,300,couple_3f,20191218_A.MTS,26,,
20191218_B.MTS,00:10:37.06,00:10:54.885,fasciculatus,2f,true,310,couple_3f,20191218_A.MTS,27,,
20191218_B.MTS,00:10:59.113,00:11:23.052,fasciculatus,2f,true,290,couple_3f,20191218_A.MTS,28,,
20191218_B.MTS,00:11:34.007,00:11:53.674,fasciculatus,2f,true,300,couple_3f,20191218_A.MTS,29,,
20191218_B.MTS,00:11:57.445,00:12:16.54,fasciculatus,2f,true,300,couple_3f,20191218_A.MTS,30,,
20191218_B.MTS,00:12:32.112,00:12:47.593,fasciculatus,2f,false,305,drager_3f,20191218_A.MTS,31,,
20191218_B.MTS,00:12:53.353,00:13:06.859,fasciculatus,2f,false,295,drager_3f,20191218_A.MTS,32,,
20191218_B.MTS,00:13:12.706,00:13:27.293,fasciculatus,2f,false,290,drager_3f,20191218_A.MTS,33,,
20191218_B.MTS,00:13:33.139,00:13:47.001,fasciculatus,2f,false,295,drager_3f,20191218_A.MTS,34,,
20191218_B.MTS,00:13:51.951,00:14:08.787,fasciculatus,2f,false,300,drager_3f,20191218_A.MTS,35,,
20191218_B.MTS,00:14:14.28,00:14:27.003,fasciculatus,2f,false,285,drager_3f,20191218_A.MTS,36,,
20191218_B.MTS,00:14:32.739,00:14:45.337,fasciculatus,2f,false,280,drager_3f,20191218_A.MTS,37,,
20191218_B.MTS,00:14:50.47,00:15:05.589,fasciculatus,2f,false,290,drager_3f,20191218_A.MTS,38,,
20191218_B.MTS,00:15:09.998,00:15:24.857,fasciculatus,2f,false,285,drager_3f,20191218_A.MTS,39,,
20191218_B.MTS,00:15:30.439,00:15:46.824,fasciculatus,2f,false,300,drager_3f,20191218_A.MTS,40,,
20191218_B.MTS,00:21:50.764,00:22:11.923,fasciculatus,3f,true,235,couple_4f,20191218_A.MTS,41,,
20191218_B.MTS,00:22:17.685,00:22:42.53,fasciculatus,3f,true,270,couple_4f,20191218_A.MTS,42,,
20191218_B.MTS,00:22:47.752,00:23:05.93,fasciculatus,3f,true,290,couple_4f,20191218_A.MTS,43,,
20191218_B.MTS,00:23:11.604,00:23:28.885,fasciculatus,3f,true,280,couple_4f,20191218_A.MTS,44,,
20191218_B.MTS,00:23:37.706,00:23:57.334,fasciculatus,3f,true,285,couple_4f,20191218_A.MTS,45,,
20191218_B.MTS,00:24:02.553,00:24:21.279,fasciculatus,3f,true,290,couple_4f,20191218_A.MTS,46,,
20191218_B.MTS,00:24:26.227,00:24:44.141,fasciculatus,3f,true,280,couple_4f,20191218_A.MTS,47,,
20191218_B.MTS,00:24:48.553,00:25:10.159,fasciculatus,3f,true,290,couple_4f,20191218_A.MTS,48,,
20191218_B.MTS,00:25:15.561,00:25:33.924,fasciculatus,3f,true,285,couple_4f,20191218_A.MTS,49,,
20191218_B.MTS,00:25:38.788,00:25:54.45,fasciculatus,3f,true,295,couple_4f,20191218_A.MTS,50,,
20191218_B.MTS,00:26:37.348,00:26:56.289,fasciculatus,3f,false,290,drager_4f,20191218_A.MTS,51,,
20191218_B.MTS,00:27:00.25,00:27:13.664,fasciculatus,3f,false,285,drager_4f,20191218_A.MTS,52,,
20191218_B.MTS,00:27:21.676,00:27:38.153,fasciculatus,3f,false,295,drager_4f,20191218_A.MTS,53,,
20191218_B.MTS,00:27:39.465,00:27:57.007,fasciculatus,3f,false,290,drager_4f,20191218_A.MTS,54,,
20191218_B.MTS,00:28:02.816,00:28:29.103,fasciculatus,3f,false,270,drager_4f,20191218_A.MTS,55,,
20191218_B.MTS,00:28:37.745,00:28:58.537,fasciculatus,3f,false,305,drager_4f,20191218_A.MTS,56,,
20191218_B.MTS,00:29:03.208,00:29:24.911,fasciculatus,3f,false,285,drager_4f,20191218_A.MTS,57,,
20191218_C.MTS,00:00:06.299,00:00:23.85,fasciculatus,3f,false,295,drager_4f,20191218_A.MTS,58,,
20191211_C.MTS,00:04:06.358,00:04:47.14,fasciculatus,4f,true,135,couple_1a,20191211_E.MTS,59,,
20191211_C.MTS,00:04:58.122,00:05:35.219,fasciculatus,4f,true,135,couple_1a,20191211_E.MTS,60,,
20191211_C.MTS,00:05:41.424,00:06:32.012,fasciculatus,4f,true,145,couple_1a,20191211_E.MTS,61,,
20191211_C.MTS,00:06:40.386,00:07:14.592,fasciculatus,4f,true,200,couple_1a,20191211_E.MTS,62,,
20191211_C.MTS,00:07:22.606,00:08:18.06,fasciculatus,4f,true,195,couple_1a,20191211_E.MTS,63,,
20191211_C.MTS,00:08:23.375,00:09:12.259,fasciculatus,4f,true,205,couple_1a,20191211_E.MTS,64,,
20191211_C.MTS,00:09:18.285,00:10:11.492,fasciculatus,4f,true,150,couple_1a,20191211_E.MTS,65,,
20191211_C.MTS,00:10:15.724,00:10:43.717,fasciculatus,4f,true,140,couple_1a,20191211_E.MTS,66,,
20191211_C.MTS,00:10:50.019,00:11:25.219,fasciculatus,4f,true,150,couple_1a,20191211_E.MTS,67,,
20191211_C.MTS,00:11:29.813,00:12:07.712,fasciculatus,4f,true,140,couple_1a,20191211_E.MTS,68,,
20191211_C.MTS,00:12:26.327,00:13:07.932,fasciculatus,4f,false,120,drager_1a,20191211_E.MTS,69,,
20191211_C.MTS,00:13:15.764,00:13:46.28,fasciculatus,4f,false,160,drager_1a,20191211_E.MTS,70,,
20191211_C.MTS,00:13:54.196,00:14:36.507,fasciculatus,4f,false,130,drager_1a,20191211_E.MTS,71,,
20191211_C.MTS,00:14:47.665,00:15:23.947,fasciculatus,4f,false,105,drager_1a,20191211_E.MTS,72,,
20191211_C.MTS,00:16:18.123,00:16:47.391,fasciculatus,4f,false,100,drager_1a,20191211_E.MTS,73,,
20191211_C.MTS,00:16:56.935,00:17:29.433,fasciculatus,4f,false,105,drager_1a,20191211_E.MTS,74,,
20191211_C.MTS,00:17:38.615,00:18:12.913,fasciculatus,4f,false,120,drager_1a,20191211_E.MTS,75,,
20191211_C.MTS,00:18:24.167,00:18:58.201,fasciculatus,4f,false,110,drager_1a,20191211_E.MTS,76,,
20191211_C.MTS,00:19:03.239,00:19:47.533,fasciculatus,4f,false,135,drager_1a,20191211_E.MTS,77,,
20191211_C.MTS,00:19:53.472,00:20:20.21,fasciculatus,4f,false,110,drager_1a,20191211_E.MTS,78,,
20191211_C.MTS,00:21:29.221,00:22:00.763,fasciculatus,5f,true,240,couple_2a,20191211_E.MTS,79,,
20191211_C.MTS,00:22:03.799,00:22:31.012,fasciculatus,5f,true,275,couple_2a,20191211_E.MTS,80,,
20191211_C.MTS,00:22:31.326,00:22:58.111,fasciculatus,5f,true,355,couple_2a,20191211_E.MTS,81,,
20191211_C.MTS,00:23:02.41,00:23:25.563,fasciculatus,5f,true,340,couple_2a,20191211_E.MTS,82,,
20191211_C.MTS,00:23:30.322,00:23:51.759,fasciculatus,5f,true,320,couple_2a,20191211_E.MTS,83,,
20191211_C.MTS,00:23:58.242,00:24:20.923,fasciculatus,5f,true,325,couple_2a,20191211_E.MTS,84,,
20191211_C.MTS,00:24:23.235,00:24:46.584,fasciculatus,5f,true,330,couple_2a,20191211_E.MTS,85,,
20191211_C.MTS,00:24:59.734,00:25:24.387,fasciculatus,5f,true,320,couple_2a,20191211_E.MTS,86,,
20191211_C.MTS,00:25:29.511,00:25:49.061,fasciculatus,5f,true,300,couple_2a,20191211_E.MTS,87,,
20191211_C.MTS,00:25:53.268,00:26:11.922,fasciculatus,5f,true,295,couple_2a,20191211_E.MTS,88,,
20191211_C.MTS,00:26:50.17,00:27:14.573,fasciculatus,5f,false,300,drager_2a,20191211_E.MTS,89,,
20191211_C.MTS,00:27:18.625,00:27:42.3,fasciculatus,5f,false,285,drager_2a,20191211_E.MTS,90,,
20191211_C.MTS,00:27:47.428,00:28:08.009,fasciculatus,5f,false,300,drager_2a,20191211_E.MTS,91,,
20191211_C.MTS,00:28:13.445,00:28:38.561,fasciculatus,5f,false,290,drager_2a,20191211_E.MTS,92,,
20191211_C.MTS,00:28:43.151,00:29:10.791,fasciculatus,5f,false,305,drager_2a,20191211_E.MTS,93,,
20191211_C.MTS,00:29:15.56,00:29:42.927,fasciculatus,5f,false,315,drager_2a,20191211_E.MTS,94,,
20191211_D.MTS,00:00:21.859,00:00:45.187,fasciculatus,5f,false,315,drager_2a,20191211_E.MTS,95,,
20191211_D.MTS,00:00:52.468,00:01:18.398,fasciculatus,5f,false,315,drager_2a,20191211_E.MTS,96,,
20191211_D.MTS,00:01:17.612,00:01:47.291,fasciculatus,5f,false,325,drager_2a,20191211_E.MTS,97,,
20191211_D.MTS,00:03:15.242,00:03:48.553,fasciculatus,6f,true,330,couple_3a,20191211_E.MTS,98,,
20191211_D.MTS,00:03:54.582,00:04:21.858,fasciculatus,6f,true,285,couple_3a,20191211_E.MTS,99,,
20191211_D.MTS,00:04:26.403,00:04:49.312,fasciculatus,6f,true,275,couple_3a,20191211_E.MTS,100,,
20191211_D.MTS,00:04:52.463,00:05:19.793,fasciculatus,6f,true,260,couple_3a,20191211_E.MTS,101,,
20191211_D.MTS,00:05:25.409,00:06:35.811,fasciculatus,6f,true,0,couple_3a,20191211_E.MTS,102,,
20191211_D.MTS,00:06:43.736,00:07:08.758,fasciculatus,6f,true,285,couple_3a,20191211_E.MTS,103,,
20191211_D.MTS,00:07:18.213,00:07:46.567,fasciculatus,6f,true,290,couple_3a,20191211_E.MTS,104,,
20191211_D.MTS,00:07:53.044,00:08:17.565,fasciculatus,6f,true,255,couple_3a,20191211_E.MTS,105,,
20191211_D.MTS,00:08:23.114,00:08:45.529,fasciculatus,6f,true,265,couple_3a,20191211_E.MTS,106,,
20191211_D.MTS,00:08:50.297,00:09:13.977,fasciculatus,6f,true,305,couple_3a,20191211_E.MTS,107,,
20191211_D.MTS,00:09:24.373,00:09:50.618,fasciculatus,6f,false,270,drager_3a,20191211_E.MTS,108,,
20191211_D.MTS,00:09:57.547,00:10:26.358,fasciculatus,6f,false,305,drager_3a,20191211_E.MTS,109,,
20191211_D.MTS,00:11:15.069,00:12:22.033,fasciculatus,6f,false,50,drager_3a,20191211_E.MTS,110,,
20191211_D.MTS,00:12:25.994,00:13:00.652,fasciculatus,6f,false,320,drager_3a,20191211_E.MTS,111,,
20191211_D.MTS,00:13:05.331,00:13:34.41,fasciculatus,6f,false,315,drager_3a,20191211_E.MTS,112,,
20191211_D.MTS,00:13:41.433,00:14:06.188,fasciculatus,6f,false,310,drager_3a,20191211_E.MTS,113,,
20191211_D.MTS,00:14:08.958,00:15:00.829,fasciculatus,6f,false,280,drager_3a,20191211_E.MTS,114,,
20191211_D.MTS,00:15:04.518,00:15:31.078,fasciculatus,6f,false,290,drager_3a,20191211_E.MTS,115,,
20191211_D.MTS,00:15:34.949,00:16:00.424,fasciculatus,6f,false,295,drager_3a,20191211_E.MTS,116,,
20191211_D.MTS,00:16:44.25,00:17:17.749,fasciculatus,6f,false,330,drager_3a,20191211_E.MTS,117,,
20191212_A.MTS,00:01:01.282,00:01:53.943,fasciculatus,7f,true,115,couple_1b,20191212_C.MTS,118,,
20191212_A.MTS,00:02:14.292,00:02:52.82,fasciculatus,7f,true,160,couple_1b,20191212_C.MTS,119,,
20191212_A.MTS,00:03:05.334,00:03:34.502,fasciculatus,7f,true,150,couple_1b,20191212_C.MTS,120,,
20191212_A.MTS,00:03:42.336,00:04:13.122,fasciculatus,7f,true,145,couple_1b,20191212_C.MTS,121,,
20191212_A.MTS,00:04:17.06,00:04:41.297,fasciculatus,7f,true,150,couple_1b,20191212_C.MTS,122,,
20191212_A.MTS,00:04:45.613,00:05:10.552,fasciculatus,7f,true,150,couple_1b,20191212_C.MTS,123,,
20191212_A.MTS,00:05:14.873,00:05:43.857,fasciculatus,7f,true,155,couple_1b,20191212_C.MTS,124,,
20191212_A.MTS,00:05:49.079,00:06:07.98,fasciculatus,7f,true,120,couple_1b,20191212_C.MTS,125,,
20191212_A.MTS,00:06:20.582,00:06:40.375,fasciculatus,7f,true,130,couple_1b,20191212_C.MTS,126,,
20191212_A.MTS,00:06:45.337,00:07:10.821,fasciculatus,7f,true,150,couple_1b,20191212_C.MTS,127,,
20191212_A.MTS,00:07:47.008,00:08:21.48,fasciculatus,7f,false,190,drager_1b,20191212_C.MTS,128,,
20191212_A.MTS,00:08:25.849,00:08:47.578,fasciculatus,7f,false,275,drager_1b,20191212_C.MTS,129,,
20191212_A.MTS,00:08:53.618,00:09:16.125,fasciculatus,7f,false,290,drager_1b,20191212_C.MTS,130,,
20191212_A.MTS,00:09:20.097,00:10:12.213,fasciculatus,7f,false,260,drager_1b,20191212_C.MTS,131,,
20191212_A.MTS,00:10:18.061,00:10:39.035,fasciculatus,7f,false,260,drager_1b,20191212_C.MTS,132,,
20191212_A.MTS,00:10:44.336,00:11:03.522,fasciculatus,7f,false,280,drager_1b,20191212_C.MTS,133,,
20191212_A.MTS,00:11:09.731,00:11:27.013,fasciculatus,7f,false,285,drager_1b,20191212_C.MTS,134,,
20191212_A.MTS,00:11:31.511,00:11:47.983,fasciculatus,7f,false,280,drager_1b,20191212_C.MTS,135,,
20191212_A.MTS,00:11:52.397,00:12:10.94,fasciculatus,7f,false,285,drager_1b,20191212_C.MTS,136,,
20191212_A.MTS,00:12:16.162,00:12:39.654,fasciculatus,7f,false,280,drager_1b,20191212_C.MTS,137,,
20191212_A.MTS,00:16:28.854,00:17:04.047,fasciculatus,8f,true,330,couple_2b,20191212_C.MTS,138,,
20191212_A.MTS,00:17:08.908,00:17:33.212,fasciculatus,8f,true,340,couple_2b,20191212_C.MTS,139,,
20191212_A.MTS,00:17:37.624,00:18:01.752,fasciculatus,8f,true,320,couple_2b,20191212_C.MTS,140,,
20191212_A.MTS,00:18:07.421,00:18:32.986,fasciculatus,8f,true,325,couple_2b,20191212_C.MTS,141,,
20191212_A.MTS,00:18:38.026,00:19:00.172,fasciculatus,8f,true,340,couple_2b,20191212_C.MTS,142,,
20191212_A.MTS,00:19:10.433,00:19:27.899,fasciculatus,8f,true,330,couple_2b,20191212_C.MTS,143,,
20191212_A.MTS,00:19:32.669,00:19:52.925,fasciculatus,8f,true,325,couple_2b,20191212_C.MTS,144,,
20191212_A.MTS,00:19:58.508,00:20:20.471,fasciculatus,8f,true,315,couple_2b,20191212_C.MTS,145,,
20191212_A.MTS,00:20:28.664,00:20:46.759,fasciculatus,8f,true,320,couple_2b,20191212_C.MTS,146,,
20191212_A.MTS,00:20:51.796,00:21:07.373,fasciculatus,8f,true,330,couple_2b,20191212_C.MTS,147,,
20191212_A.MTS,00:21:17.541,00:21:38.79,fasciculatus,8f,false,320,drager_2b,20191212_C.MTS,148,,
20191212_A.MTS,00:21:44.823,00:22:08.046,fasciculatus,8f,false,320,drager_2b,20191212_C.MTS,149,,
20191212_A.MTS,00:22:14.075,00:22:35.953,fasciculatus,8f,false,310,drager_2b,20191212_C.MTS,150,,
20191212_A.MTS,00:22:42.974,00:23:02.329,fasciculatus,8f,false,350,drager_2b,20191212_C.MTS,151,,
20191212_A.MTS,00:23:08.356,00:23:29.782,fasciculatus,8f,false,335,drager_2b,20191212_C.MTS,152,,
20191212_A.MTS,00:23:32.363,00:23:57.867,fasciculatus,8f,false,320,drager_2b,20191212_C.MTS,153,,
20191212_A.MTS,00:24:05.706,00:24:33.692,fasciculatus,8f,false,310,drager_2b,20191212_C.MTS,154,,
20191212_A.MTS,00:24:40.271,00:24:58.358,fasciculatus,8f,false,285,drager_2b,20191212_C.MTS,155,,
20191212_A.MTS,00:25:05.829,00:25:34.184,fasciculatus,8f,false,320,drager_2b,20191212_C.MTS,156,,
20191212_A.MTS,00:25:41.114,00:26:08.301,fasciculatus,8f,false,320,drager_2b,20191212_C.MTS,157,,
20191212_A.MTS,00:26:38.556,00:27:15.646,fasciculatus,9f,true,310,couple_3b,20191212_C.MTS,158,,
20191212_A.MTS,00:27:21.498,00:27:44.99,fasciculatus,9f,true,320,couple_3b,20191212_C.MTS,159,,
20191212_A.MTS,00:27:50.39,00:28:18.118,fasciculatus,9f,true,320,couple_3b,20191212_C.MTS,160,,
20191212_A.MTS,00:28:23.784,00:28:50.002,fasciculatus,9f,true,320,couple_3b,20191212_C.MTS,161,,
20191212_A.MTS,00:28:54.486,00:29:21.581,fasciculatus,9f,true,330,couple_3b,20191212_C.MTS,162,,
20191212_A.MTS,00:29:25.45,00:29:50.839,fasciculatus,9f,true,335,couple_3b,20191212_C.MTS,163,,
20191212_B.MTS,00:00:01.684,00:00:19.605,fasciculatus,9f,true,320,couple_3b,20191212_C.MTS,164,,
20191212_B.MTS,00:00:25.099,00:00:50.391,fasciculatus,9f,true,320,couple_3b,20191212_C.MTS,165,,
20191212_B.MTS,00:00:56.153,00:01:20.818,fasciculatus,9f,true,320,couple_3b,20191212_C.MTS,166,,
20191212_B.MTS,00:01:27.479,00:01:55.652,fasciculatus,9f,true,310,couple_3b,20191212_C.MTS,167,,
20191212_B.MTS,00:02:09.701,00:02:36.62,fasciculatus,9f,false,305,drager_3b,20191212_C.MTS,168,,
20191212_B.MTS,00:02:43.286,00:03:05.239,fasciculatus,9f,false,350,drager_3b,20191212_C.MTS,169,,
20191212_B.MTS,00:03:10.644,00:03:36.476,fasciculatus,9f,false,310,drager_3b,20191212_C.MTS,170,,
20191212_B.MTS,00:03:41.248,00:04:03.667,fasciculatus,9f,false,310,drager_3b,20191212_C.MTS,171,,
20191212_B.MTS,00:04:09.607,00:04:33.915,fasciculatus,9f,false,315,drager_3b,20191212_C.MTS,172,,
20191212_B.MTS,00:04:39.943,00:05:05.326,fasciculatus,9f,false,315,drager_3b,20191212_C.MTS,173,,
20191212_B.MTS,00:05:11.09,00:05:41.605,fasciculatus,9f,false,315,drager_3b,20191212_C.MTS,174,,
20191212_B.MTS,00:05:47.365,00:06:20.224,fasciculatus,9f,false,315,drager_3b,20191212_C.MTS,175,,
20191212_B.MTS,00:06:26.616,00:07:13.794,fasciculatus,9f,false,315,drager_3b,20191212_C.MTS,176,,
20191212_B.MTS,00:07:21.176,00:07:51.96,fasciculatus,9f,false,315,drager_3b,20191212_C.MTS,177,,
20191212_B.MTS,00:11:34.318,00:12:26.161,fasciculatus,10f,true,60,couple_4b,20191212_C.MTS,178,,
20191212_B.MTS,00:12:35.425,00:13:00.55,fasciculatus,10f,true,320,couple_4b,20191212_C.MTS,179,,
20191212_B.MTS,00:13:06.765,00:13:36.107,fasciculatus,10f,true,325,couple_4b,20191212_C.MTS,180,,
20191212_B.MTS,00:13:42.32,00:14:10.859,fasciculatus,10f,true,290,couple_4b,20191212_C.MTS,181,,
20191212_B.MTS,00:14:44.972,00:15:10.086,fasciculatus,10f,true,290,couple_4b,20191212_C.MTS,182,,
20191212_B.MTS,00:15:16.477,00:15:35.741,fasciculatus,10f,true,310,couple_4b,20191212_C.MTS,183,,
20191212_B.MTS,00:15:41.683,00:16:01.762,fasciculatus,10f,true,315,couple_4b,20191212_C.MTS,184,,
20191212_B.MTS,00:16:07.435,00:16:28.047,fasciculatus,10f,true,295,couple_4b,20191212_C.MTS,185,,
20191212_B.MTS,00:16:32.797,00:16:58.647,fasciculatus,10f,true,280,couple_4b,20191212_C.MTS,186,,
20191212_B.MTS,00:17:00.037,00:17:30.963,fasciculatus,10f,true,280,couple_4b,20191212_C.MTS,187,,
20191212_B.MTS,00:17:48.006,00:18:20.841,fasciculatus,10f,false,265,drager_4b,20191212_C.MTS,188,,
20191212_B.MTS,00:18:21.532,00:18:54.695,fasciculatus,10f,false,270,drager_4b,20191212_C.MTS,189,,
20191212_B.MTS,00:19:01.444,00:19:28.179,fasciculatus,10f,false,280,drager_4b,20191212_C.MTS,190,,
20191212_B.MTS,00:19:47.893,00:20:27.678,fasciculatus,10f,false,340,drager_4b,20191212_C.MTS,191,,
20191212_B.MTS,00:20:36.142,00:21:19.258,fasciculatus,10f,false,355,drager_4b,20191212_C.MTS,192,,
20191212_B.MTS,00:21:21.299,00:21:54.909,fasciculatus,10f,false,295,drager_4b,20191212_C.MTS,193,,
20191212_B.MTS,00:21:59.321,00:22:22.452,fasciculatus,10f,false,305,drager_4b,20191212_C.MTS,194,,
20191212_B.MTS,00:22:26.865,00:22:50.81,fasciculatus,10f,false,300,drager_4b,20191212_C.MTS,195,,
20191212_B.MTS,00:22:51.648,00:23:22.852,fasciculatus,10f,false,255,drager_4b,20191212_C.MTS,196,,
20191212_B.MTS,00:23:34.928,00:24:14.871,fasciculatus,10f,false,295,drager_4b,20191212_C.MTS,197,,
20191212_C.MTS,00:00:23.028,00:00:57.413,fasciculatus,11f,true,330,couple_5b,20191212_C.MTS,198,,
20191212_C.MTS,00:01:04.344,00:01:47.64,fasciculatus,11f,true,330,couple_5b,20191212_C.MTS,199,,
20191212_C.MTS,00:01:56.038,00:02:25.636,fasciculatus,11f,true,330,couple_5b,20191212_C.MTS,200,,
20191212_C.MTS,00:02:31.035,00:02:55.162,fasciculatus,11f,true,310,couple_5b,20191212_C.MTS,201,,
20191212_C.MTS,00:02:59.114,00:03:26.388,fasciculatus,11f,true,300,couple_5b,20191212_C.MTS,202,,
20191212_C.MTS,00:03:29.798,00:03:54.936,fasciculatus,11f,true,320,couple_5b,20191212_C.MTS,203,,
20191212_C.MTS,00:04:00.338,00:04:20.055,fasciculatus,11f,true,345,couple_5b,20191212_C.MTS,204,,
20191212_C.MTS,00:04:26.175,00:04:47.868,fasciculatus,11f,true,355,couple_5b,20191212_C.MTS,205,,
20191212_C.MTS,00:04:54.555,00:05:13.075,fasciculatus,11f,true,325,couple_5b,20191212_C.MTS,206,,
20191212_C.MTS,00:05:18.117,00:05:37.555,fasciculatus,11f,true,345,couple_5b,20191212_C.MTS,207,,
20191212_C.MTS,00:05:54.031,00:06:15.544,fasciculatus,11f,false,350,drager_5b,20191212_C.MTS,208,,
20191212_C.MTS,00:06:22.566,00:06:42.463,fasciculatus,11f,false,0,drager_5b,20191212_C.MTS,209,,
20191212_C.MTS,00:06:44.503,00:07:08.467,fasciculatus,11f,false,330,drager_5b,20191212_C.MTS,210,,
20191212_C.MTS,00:07:13.155,00:07:32.021,fasciculatus,11f,false,350,drager_5b,20191212_C.MTS,211,,
20191212_C.MTS,00:07:38.723,00:08:03.931,fasciculatus,11f,false,10,drager_5b,20191212_C.MTS,212,,
20191212_C.MTS,00:08:08.159,00:08:32.645,fasciculatus,11f,false,20,drager_5b,20191212_C.MTS,213,,
20191212_C.MTS,00:08:37.954,00:08:58.571,fasciculatus,11f,false,335,drager_5b,20191212_C.MTS,214,,
20191212_C.MTS,00:09:04.555,00:09:23.237,fasciculatus,11f,false,280,drager_5b,20191212_C.MTS,215,,
20191212_C.MTS,00:09:33.681,00:09:51.773,fasciculatus,11f,false,300,drager_5b,20191212_C.MTS,216,,
20191212_C.MTS,00:10:00.777,00:10:19.678,fasciculatus,11f,false,295,drager_5b,20191212_C.MTS,217,,
20191212_E.MTS,00:15:27.068,00:15:57.256,fasciculatus,12f,true,230,couple_7b,20191212_D.MTS,218,,
20191212_E.MTS,00:16:09.454,00:16:41.181,fasciculatus,12f,true,240,couple_7b,20191212_D.MTS,219,,
20191212_E.MTS,00:16:52.955,00:17:17.279,fasciculatus,12f,true,260,couple_7b,20191212_D.MTS,220,,
20191212_E.MTS,00:17:22.3,00:17:42.124,fasciculatus,12f,true,265,couple_7b,20191212_D.MTS,221,,
20191212_E.MTS,00:17:45.008,00:18:06.248,fasciculatus,12f,true,285,couple_7b,20191212_D.MTS,222,,
20191212_E.MTS,00:18:11.618,00:18:32.084,fasciculatus,12f,true,300,couple_7b,20191212_D.MTS,223,,
20191212_E.MTS,00:18:38.262,00:18:56.298,fasciculatus,12f,true,315,couple_7b,20191212_D.MTS,224,,
20191212_E.MTS,00:19:11.77,00:19:26.995,fasciculatus,12f,true,290,couple_7b,20191212_D.MTS,225,,
20191212_E.MTS,00:19:30.478,00:19:50.579,fasciculatus,12f,true,290,couple_7b,20191212_D.MTS,226,,
20191212_E.MTS,00:19:58.885,00:20:26.406,fasciculatus,12f,false,280,drager_7b,20191212_D.MTS,227,,
20191212_E.MTS,00:20:36.303,00:21:02.33,fasciculatus,12f,false,275,drager_7b,20191212_D.MTS,228,,
20191212_E.MTS,00:21:00.989,00:21:31.402,fasciculatus,12f,false,290,drager_7b,20191212_D.MTS,229,,
20191212_E.MTS,00:21:35.355,00:21:56.344,fasciculatus,12f,false,285,drager_7b,20191212_D.MTS,230,,
20191212_E.MTS,00:22:03.364,00:22:26.411,fasciculatus,12f,false,270,drager_7b,20191212_D.MTS,231,,
20191212_E.MTS,00:22:34.149,00:23:01.876,fasciculatus,12f,false,265,drager_7b,20191212_D.MTS,232,,
20191212_E.MTS,00:23:07.187,00:23:33.747,fasciculatus,12f,false,265,drager_7b,20191212_D.MTS,233,,
20191212_E.MTS,00:23:38.964,00:24:07.234,fasciculatus,12f,false,270,drager_7b,20191212_D.MTS,234,,
20191212_E.MTS,00:24:14.799,00:24:41.351,fasciculatus,12f,false,255,drager_7b,20191212_D.MTS,235,,
20191212_E.MTS,00:24:47.102,00:25:23.75,fasciculatus,12f,false,260,drager_7b,20191212_D.MTS,236,,
20191212_F.MTS,00:09:57.196,00:10:29.14,fasciculatus,13f,true,345,couple_8b,20191212_D.MTS,237,,
20191212_F.MTS,00:10:32.204,00:10:56.545,fasciculatus,13f,true,315,couple_8b,20191212_D.MTS,238,,
20191212_F.MTS,00:11:03.593,00:11:28.462,fasciculatus,13f,true,310,couple_8b,20191212_D.MTS,239,,
20191212_F.MTS,00:11:31.761,00:11:55.737,fasciculatus,13f,true,320,couple_8b,20191212_D.MTS,240,,
20191212_F.MTS,00:11:58.05,00:12:24.545,fasciculatus,13f,true,330,couple_8b,20191212_D.MTS,241,,
20191212_F.MTS,00:12:27.397,00:12:49.754,fasciculatus,13f,true,310,couple_8b,20191212_D.MTS,242,,
20191212_F.MTS,00:12:52.333,00:13:16.036,fasciculatus,13f,true,315,couple_8b,20191212_D.MTS,243,,
20191212_F.MTS,00:13:13.879,00:13:51.419,fasciculatus,13f,true,305,couple_8b,20191212_D.MTS,244,,
20191212_F.MTS,00:13:52.629,00:14:15.36,fasciculatus,13f,true,335,couple_8b,20191212_D.MTS,245,,
20191212_F.MTS,00:14:17.471,00:14:38.771,fasciculatus,13f,true,300,couple_8b,20191212_D.MTS,246,,
20191212_F.MTS,00:14:48.533,00:15:16.401,fasciculatus,13f,false,320,drager_8b,20191212_D.MTS,247,,
20191212_F.MTS,00:15:21.802,00:15:42.956,fasciculatus,13f,false,325,drager_8b,20191212_D.MTS,248,,
20191212_F.MTS,00:15:45.078,00:16:12.934,fasciculatus,13f,false,320,drager_8b,20191212_D.MTS,249,,
20191212_F.MTS,00:16:14.695,00:16:41.923,fasciculatus,13f,false,330,drager_8b,20191212_D.MTS,250,,
20191212_F.MTS,00:16:45.832,00:17:12.166,fasciculatus,13f,false,340,drager_8b,20191212_D.MTS,251,,
20191212_F.MTS,00:17:20.01,00:18:02.544,fasciculatus,13f,false,315,drager_8b,20191212_D.MTS,252,,
20191212_F.MTS,00:18:05.255,00:18:30.666,fasciculatus,13f,false,315,drager_8b,20191212_D.MTS,253,,
20191212_F.MTS,00:18:35.405,00:19:03.61,fasciculatus,13f,false,330,drager_8b,20191212_D.MTS,254,,
20191212_F.MTS,00:19:07.361,00:19:37.187,fasciculatus,13f,false,300,drager_8b,20191212_D.MTS,255,,
20191212_F.MTS,00:19:42.875,00:20:08.426,fasciculatus,13f,false,305,drager_8b,20191212_D.MTS,256,,
20191215_B.MTS,00:00:16.188,00:00:38.242,fasciculatus,14f,true,350,couple_1m,20191215_A.MTS,257,,
20191215_B.MTS,00:00:50.632,00:01:25.59,fasciculatus,14f,true,10,couple_1m,20191215_A.MTS,258,,
20191215_B.MTS,00:01:39.43,00:02:00.422,fasciculatus,14f,true,345,couple_1m,20191215_A.MTS,259,,
20191215_B.MTS,00:02:06.368,00:02:28.597,fasciculatus,14f,true,310,couple_1m,20191215_A.MTS,260,,
20191215_B.MTS,00:02:34.631,00:02:52.363,fasciculatus,14f,true,320,couple_1m,20191215_A.MTS,261,,
20191215_B.MTS,00:02:58.125,00:03:15.008,fasciculatus,14f,true,315,couple_1m,20191215_A.MTS,262,,
20191215_B.MTS,00:03:20.629,00:03:40.432,fasciculatus,14f,true,320,couple_1m,20191215_A.MTS,263,,
20191215_B.MTS,00:03:44.844,00:04:06.354,fasciculatus,14f,true,325,couple_1m,20191215_A.MTS,264,,
20191215_B.MTS,00:04:10.318,00:04:29.399,fasciculatus,14f,true,320,couple_1m,20191215_A.MTS,265,,
20191215_B.MTS,00:04:34.893,00:04:59.733,fasciculatus,14f,true,330,couple_1m,20191215_A.MTS,266,,
20191215_B.MTS,00:05:28.272,00:05:49.781,fasciculatus,14f,false,305,drager_1m,20191215_A.MTS,267,,
20191215_B.MTS,00:05:56.623,00:06:17.957,fasciculatus,14f,false,310,drager_1m,20191215_A.MTS,268,,
20191215_B.MTS,00:06:24.977,00:06:44.875,fasciculatus,14f,false,305,drager_1m,20191215_A.MTS,269,,
20191215_B.MTS,00:06:51.172,00:07:13.951,fasciculatus,14f,false,305,drager_1m,20191215_A.MTS,270,,
20191215_B.MTS,00:07:19.354,00:07:38.98,fasciculatus,14f,false,310,drager_1m,20191215_A.MTS,271,,
20191215_B.MTS,00:07:43.3,00:08:06.346,fasciculatus,14f,false,300,drager_1m,20191215_A.MTS,272,,
20191215_B.MTS,00:08:10.759,00:08:27.948,fasciculatus,14f,false,300,drager_1m,20191215_A.MTS,273,,
20191215_B.MTS,00:08:33.622,00:08:49.734,fasciculatus,14f,false,305,drager_1m,20191215_A.MTS,274,,
20191215_B.MTS,00:08:55.136,00:09:17.999,fasciculatus,14f,false,305,drager_1m,20191215_A.MTS,275,,
20191215_B.MTS,00:09:22.138,00:09:41.586,fasciculatus,14f,false,300,drager_1m,20191215_A.MTS,276,,
20191215_C.MTS,00:00:11.756,00:00:35.809,fasciculatus,15f,true,300,couple_2m,20191215_A.MTS,277,,
20191215_C.MTS,00:00:41.39,00:00:57.776,fasciculatus,15f,true,300,couple_2m,20191215_A.MTS,278,,
20191215_C.MTS,00:01:03.524,00:01:35.856,fasciculatus,15f,true,300,couple_2m,20191215_A.MTS,279,,
20191215_C.MTS,00:01:44.763,00:02:11.681,fasciculatus,15f,true,300,couple_2m,20191215_A.MTS,280,,
20191215_C.MTS,00:02:17.712,00:02:54.98,fasciculatus,15f,true,300,couple_2m,20191215_A.MTS,281,,
20191215_C.MTS,00:03:06.322,00:03:31.006,fasciculatus,15f,true,295,couple_2m,20191215_A.MTS,282,,
20191215_C.MTS,00:03:37.017,00:04:04.21,fasciculatus,15f,true,310,couple_2m,20191215_A.MTS,283,,
20191215_C.MTS,00:04:10.423,00:04:28.629,fasciculatus,15f,true,295,couple_2m,20191215_A.MTS,284,,
20191215_C.MTS,00:04:34.186,00:04:58.943,fasciculatus,15f,true,275,couple_2m,20191215_A.MTS,285,,
20191215_C.MTS,00:05:05.694,00:05:29.549,fasciculatus,15f,true,295,couple_2m,20191215_A.MTS,286,,
20191215_C.MTS,00:08:53.932,00:09:48.084,fasciculatus,15f,false,285,drager_2m,20191215_A.MTS,287,,
20191215_C.MTS,00:09:55.915,00:11:01.532,fasciculatus,15f,false,295,drager_2m,20191215_A.MTS,288,,
20191215_C.MTS,00:11:10.357,00:12:17.152,fasciculatus,15f,false,290,drager_2m,20191215_A.MTS,289,,
20191215_C.MTS,00:12:24.622,00:13:20.614,fasciculatus,15f,false,295,drager_2m,20191215_A.MTS,290,,
20191215_C.MTS,00:15:01.613,00:15:45.269,fasciculatus,15f,false,290,drager_2m,20191215_A.MTS,291,,
20191215_C.MTS,00:16:52.021,00:17:28.7,fasciculatus,15f,false,285,drager_2m,20191215_A.MTS,292,,
20191215_C.MTS,00:17:37.881,00:18:07.048,fasciculatus,15f,false,280,drager_2m,20191215_A.MTS,293,,
20191215_C.MTS,00:18:15.42,00:18:42.667,fasciculatus,15f,false,285,drager_2m,20191215_A.MTS,294,,
20191215_C.MTS,00:18:52.685,00:19:22.032,fasciculatus,15f,false,295,drager_2m,20191215_A.MTS,295,,
20191215_C.MTS,00:19:29.502,00:20:00.471,fasciculatus,15f,false,295,drager_2m,20191215_A.MTS,296,,
20210705_A.MTS,00:09:43.397,00:10:12.112,schaefferi,1s,true,270,couple_6,20210705_A.MTS,297,,
20210705_A.MTS,00:10:17.874,00:10:39.658,schaefferi,1s,true,310,couple_6,20210705_A.MTS,298,,
20210705_A.MTS,00:10:44.158,00:11:03.624,schaefferi,1s,true,320,couple_6,20210705_A.MTS,299,,
20210705_A.MTS,00:11:07.111,00:11:29.086,schaefferi,1s,true,320,couple_6,20210705_A.MTS,300,,
20210705_A.MTS,00:11:33.857,00:11:50.871,schaefferi,1s,true,310,couple_6,20210705_A.MTS,301,,
20210705_A.MTS,00:11:55.102,00:12:13.196,schaefferi,1s,true,310,couple_6,20210705_A.MTS,302,,
20210705_A.MTS,00:12:17.787,00:12:37.951,schaefferi,1s,true,305,couple_6,20210705_A.MTS,303,,
20210705_A.MTS,00:12:42.362,00:13:03.431,schaefferi,1s,true,295,couple_6,20210705_A.MTS,304,,
20210705_A.MTS,00:13:10.003,00:13:28.187,schaefferi,1s,true,310,couple_6,20210705_A.MTS,305,,
20210705_A.MTS,00:13:33.765,00:13:53.12,schaefferi,1s,true,300,couple_6,20210705_A.MTS,306,,
20210705_A.MTS,00:14:00.112,00:14:21.118,schaefferi,1s,false,300,drager_6,20210705_A.MTS,307,,
20210705_A.MTS,00:14:24.087,00:14:44.342,schaefferi,1s,false,275,drager_6,20210705_A.MTS,308,,
20210705_A.MTS,00:14:49.472,00:15:07.475,schaefferi,1s,false,265,drager_6,20210705_A.MTS,309,,
20210705_A.MTS,00:15:12.875,00:15:38.799,schaefferi,1s,false,255,drager_6,20210705_A.MTS,310,,
20210705_A.MTS,00:15:41.542,00:16:07.879,schaefferi,1s,false,245,drager_6,20210705_A.MTS,311,,
20210705_A.MTS,00:16:13.501,00:16:32.638,schaefferi,1s,false,245,drager_6,20210705_A.MTS,312,,
20210705_A.MTS,00:16:36.599,00:16:56.674,schaefferi,1s,false,250,drager_6,20210705_A.MTS,313,,
20210705_A.MTS,00:17:00.626,00:17:36.013,schaefferi,1s,false,230,drager_6,20210705_A.MTS,314,,
20210705_A.MTS,00:17:42.2,00:18:09.587,schaefferi,1s,false,200,drager_6,20210705_A.MTS,315,,
20210705_A.MTS,00:18:11.368,00:18:35.784,schaefferi,1s,false,230,drager_6,20210705_A.MTS,316,,
20210709_A.MTS,00:02:41.641,00:03:03.248,schaefferi,2s,true,235,couple_7,20210709_A.MTS,317,516,835
20210709_A.MTS,00:03:06.579,00:03:27.473,schaefferi,2s,true,240,couple_7,20210709_A.MTS,318,516,835
20210709_A.MTS,00:03:31.515,00:03:51.957,schaefferi,2s,true,210,couple_7,20210709_A.MTS,319,516,835
20210709_A.MTS,00:03:56.99,00:04:14.375,schaefferi,2s,true,210,couple_7,20210709_A.MTS,320,516,835
20210709_A.MTS,00:04:18.325,00:04:35.438,schaefferi,2s,true,190,couple_7,20210709_A.MTS,321,516,835
20210709_A.MTS,00:04:38.475,00:04:54.075,schaefferi,2s,true,200,couple_7,20210709_A.MTS,322,516,835
20210709_A.MTS,00:04:56.765,00:05:15.229,schaefferi,2s,true,200,couple_7,20210709_A.MTS,323,516,835
20210709_A.MTS,00:05:18.01,00:05:35.124,schaefferi,2s,true,205,couple_7,20210709_A.MTS,324,516,835
20210709_A.MTS,00:05:37.615,00:05:53.49,schaefferi,2s,true,205,couple_7,20210709_A.MTS,325,516,835
20210709_A.MTS,00:05:54.01,00:06:16.577,schaefferi,2s,true,205,couple_7,20210709_A.MTS,326,516,835
20210709_A.MTS,00:06:25.868,00:06:46.692,schaefferi,2s,false,200,drager_7,20210709_A.MTS,327,516,835
20210709_A.MTS,00:06:49.562,00:07:10.364,schaefferi,2s,false,220,drager_7,20210709_A.MTS,328,516,835
20210709_A.MTS,00:07:12.101,00:07:32.33,schaefferi,2s,false,215,drager_7,20210709_A.MTS,329,516,835
20210709_A.MTS,00:07:36.101,00:08:11.225,schaefferi,2s,false,195,drager_7,20210709_A.MTS,330,516,835
20210709_A.MTS,00:08:14.907,00:08:32.717,schaefferi,2s,false,210,drager_7,20210709_A.MTS,331,516,835
20210709_A.MTS,00:08:35.978,00:09:02.363,schaefferi,2s,false,205,drager_7,20210709_A.MTS,332,516,835
20210709_A.MTS,00:09:07.125,00:09:36.391,schaefferi,2s,false,220,drager_7,20210709_A.MTS,333,516,835
20210709_A.MTS,00:09:38.813,00:10:06.185,schaefferi,2s,false,245,drager_7,20210709_A.MTS,334,516,835
20210709_A.MTS,00:10:09.005,00:10:29.41,schaefferi,2s,false,190,drager_7,20210709_A.MTS,335,516,835
20210709_A.MTS,00:10:31.471,00:10:57.767,schaefferi,2s,false,185,drager_7,20210709_A.MTS,336,516,835
20210709_A.MTS,00:12:35.604,00:12:59.469,schaefferi,3s,true,120,couple_8,20210709_A.MTS,337,516,835
20210709_A.MTS,00:13:02.161,00:13:19.723,schaefferi,3s,true,120,couple_8,20210709_A.MTS,338,516,835
20210709_A.MTS,00:13:24.705,00:13:46.007,schaefferi,3s,true,160,couple_8,20210709_A.MTS,339,516,835
20210709_A.MTS,00:13:51.217,00:14:08.152,schaefferi,3s,true,150,couple_8,20210709_A.MTS,340,516,835
20210709_A.MTS,00:14:11.112,00:14:29.036,schaefferi,3s,true,160,couple_8,20210709_A.MTS,341,516,835
20210709_A.MTS,00:14:32.432,00:14:48.481,schaefferi,3s,true,150,couple_8,20210709_A.MTS,342,516,835
20210709_A.MTS,00:14:56.571,00:15:11.794,schaefferi,3s,true,165,couple_8,20210709_A.MTS,343,516,835
20210709_A.MTS,00:15:14.021,00:15:30.336,schaefferi,3s,true,150,couple_8,20210709_A.MTS,344,516,835
20210709_A.MTS,00:15:32.666,00:15:49.148,schaefferi,3s,true,170,couple_8,20210709_A.MTS,345,516,835
20210709_A.MTS,00:15:52.199,00:16:08.684,schaefferi,3s,true,150,couple_8,20210709_A.MTS,346,516,835
20210709_A.MTS,00:16:19.567,00:16:40.372,schaefferi,3s,false,170,drager_8,20210709_A.MTS,347,516,835
20210709_A.MTS,00:16:42.794,00:17:04.033,schaefferi,3s,false,185,drager_8,20210709_A.MTS,348,516,835
20210709_A.MTS,00:17:07.64,00:17:30.874,schaefferi,3s,false,200,drager_8,20210709_A.MTS,349,516,835
20210709_A.MTS,00:17:34.466,00:17:58.963,schaefferi,3s,false,185,drager_8,20210709_A.MTS,350,516,835
20210709_A.MTS,00:18:03.634,00:18:32.721,schaefferi,3s,false,180,drager_8,20210709_A.MTS,351,516,835
20210709_A.MTS,00:18:38.033,00:18:57.658,schaefferi,3s,false,190,drager_8,20210709_A.MTS,352,516,835
20210709_A.MTS,00:19:01.977,00:19:23.043,schaefferi,3s,false,190,drager_8,20210709_A.MTS,353,516,835
20210709_A.MTS,00:19:26.103,00:19:45.906,schaefferi,3s,false,205,drager_8,20210709_A.MTS,354,516,835
20210709_A.MTS,00:19:50.407,00:20:17.506,schaefferi,3s,false,200,drager_8,20210709_A.MTS,355,516,835
20210709_A.MTS,00:20:21.003,00:20:44.695,schaefferi,3s,false,235,drager_8,20210709_A.MTS,356,516,835
20210710_A.MTS,00:01:32.045,00:02:59.387,schaefferi,4s,true,275,couple_12,20210710_A.MTS,357,,
20210710_A.MTS,00:03:04.514,00:03:33.593,schaefferi,4s,true,260,couple_12,20210710_A.MTS,358,,
20210710_A.MTS,00:03:34.827,00:03:59.342,schaefferi,4s,true,275,couple_12,20210710_A.MTS,359,,
20210710_A.MTS,00:04:00.853,00:04:28.598,schaefferi,4s,true,265,couple_12,20210710_A.MTS,360,,
20210710_A.MTS,00:04:30.02,00:04:55.878,schaefferi,4s,true,270,couple_12,20210710_A.MTS,361,,
20210710_A.MTS,00:04:57.659,00:05:23.064,schaefferi,4s,true,300,couple_12,20210710_A.MTS,362,,
20210710_A.MTS,00:05:22.487,00:05:47.639,schaefferi,4s,true,270,couple_12,20210710_A.MTS,363,,
20210710_A.MTS,00:05:48.596,00:06:12.036,schaefferi,4s,true,295,couple_12,20210710_A.MTS,364,,
20210710_A.MTS,00:06:12.567,00:06:41.559,schaefferi,4s,true,300,couple_12,20210710_A.MTS,365,,
20210710_A.MTS,00:06:44.559,00:07:15.767,schaefferi,4s,true,320,couple_12,20210710_A.MTS,366,,
20210710_A.MTS,00:07:20.791,00:07:50.424,schaefferi,4s,false,295,drager_12,20210710_A.MTS,367,,
20210710_A.MTS,00:07:55.898,00:08:19.053,schaefferi,4s,false,340,drager_12,20210710_A.MTS,368,,
20210710_A.MTS,00:08:25.626,00:08:52.182,schaefferi,4s,false,330,drager_12,20210710_A.MTS,369,,
20210710_A.MTS,00:08:58.842,00:09:19.553,schaefferi,4s,false,335,drager_12,20210710_A.MTS,370,,
20210710_A.MTS,00:09:26.39,00:09:51.685,schaefferi,4s,false,335,drager_12,20210710_A.MTS,371,,
20210710_A.MTS,00:09:55.717,00:10:20.761,schaefferi,4s,false,325,drager_12,20210710_A.MTS,372,,
20210710_A.MTS,00:10:25.53,00:10:55.775,schaefferi,4s,false,330,drager_12,20210710_A.MTS,373,,
20210710_A.MTS,00:11:01.178,00:11:19.722,schaefferi,4s,false,345,drager_12,20210710_A.MTS,374,,
20210710_A.MTS,00:11:24.219,00:11:45.288,schaefferi,4s,false,355,drager_12,20210710_A.MTS,375,,
20210710_A.MTS,00:11:48.42,00:12:15.175,schaefferi,4s,false,355,drager_12,20210710_A.MTS,376,,
20210710_A.MTS,00:14:13.958,00:14:55.538,schaefferi,5s,true,150,couple_13,20210710_A.MTS,377,,
20210710_A.MTS,00:14:58.556,00:15:28.174,schaefferi,5s,true,145,couple_13,20210710_A.MTS,378,,
20210710_A.MTS,00:15:36.978,00:16:08.136,schaefferi,5s,true,155,couple_13,20210710_A.MTS,379,,
20210710_A.MTS,00:16:11.449,00:16:36.678,schaefferi,5s,true,130,couple_13,20210710_A.MTS,380,,
20210710_A.MTS,00:16:40.266,00:17:01.078,schaefferi,5s,true,120,couple_13,20210710_A.MTS,381,,
20210710_A.MTS,00:17:03.568,00:17:27.813,schaefferi,5s,true,120,couple_13,20210710_A.MTS,382,,
20210710_A.MTS,00:17:32.023,00:18:00.311,schaefferi,5s,true,110,couple_13,20210710_A.MTS,383,,
20210710_A.MTS,00:18:04.159,00:18:30.737,schaefferi,5s,true,130,couple_13,20210710_A.MTS,384,,
20210710_A.MTS,00:18:33.421,00:19:00.806,schaefferi,5s,true,145,couple_13,20210710_A.MTS,385,,
20210710_A.MTS,00:19:04.029,00:19:26.73,schaefferi,5s,true,145,couple_13,20210710_A.MTS,386,,
20210710_A.MTS,00:19:35.563,00:19:56.518,schaefferi,5s,false,135,drager_13,20210710_A.MTS,387,,
20210710_A.MTS,00:22:30.990,00:23:16.638,schaefferi,5s,false,200,drager_13,20210710_A.MTS,388,,
20210710_A.MTS,00:23:39.818,00:24:10.561,schaefferi,5s,false,100,drager_13,20210710_A.MTS,389,,
20210710_A.MTS,00:24:15.392,00:24:46.028,schaefferi,5s,false,140,drager_13,20210710_A.MTS,390,,
20210710_A.MTS,00:24:50.06,00:25:14.652,schaefferi,5s,false,150,drager_13,20210710_A.MTS,391,,
20210710_A.MTS,00:25:19.667,00:25:43.642,schaefferi,5s,false,160,drager_13,20210710_A.MTS,392,,
20210710_A.MTS,00:25:47.571,00:26:12.989,schaefferi,5s,false,185,drager_13,20210710_A.MTS,393,,
20210710_A.MTS,00:26:17.557,00:26:39.722,schaefferi,5s,false,190,drager_13,20210710_A.MTS,394,,
20210710_A.MTS,00:26:44.565,00:27:06.37,schaefferi,5s,false,180,drager_13,20210710_A.MTS,395,,
20210710_A.MTS,00:27:12.459,00:27:32.48,schaefferi,5s,false,185,drager_13,20210710_A.MTS,396,,
20210710_B.MTS,00:03:40.421,00:04:18.968,schaefferi,6s,true,285,couple_14,20210710_B.MTS,397,,
20210710_B.MTS,00:04:22.725,00:05:04.421,schaefferi,6s,true,265,couple_14,20210710_B.MTS,398,,
20210710_B.MTS,00:05:07.564,00:05:39.625,schaefferi,6s,true,235,couple_14,20210710_B.MTS,399,,
20210710_B.MTS,00:05:42.216,00:06:10.317,schaefferi,6s,true,265,couple_14,20210710_B.MTS,400,,
20210710_B.MTS,00:06:14.548,00:06:37.417,schaefferi,6s,true,280,couple_14,20210710_B.MTS,401,,
20210710_B.MTS,00:06:45.058,00:07:13.604,schaefferi,6s,true,245,couple_14,20210710_B.MTS,402,,
20210710_B.MTS,00:07:18.189,00:07:43.129,schaefferi,6s,true,270,couple_14,20210710_B.MTS,403,,
20210710_B.MTS,00:07:48.601,00:08:16.444,schaefferi,6s,true,250,couple_14,20210710_B.MTS,404,,
20210710_B.MTS,00:08:23.371,00:08:46.865,schaefferi,6s,true,245,couple_14,20210710_B.MTS,405,,
20210710_B.MTS,00:08:51.725,00:09:15.582,schaefferi,6s,true,245,couple_14,20210710_B.MTS,406,,
20210710_B.MTS,00:09:22.776,00:09:46.459,schaefferi,6s,false,240,drager_14,20210710_B.MTS,407,,
20210710_B.MTS,00:09:51.596,00:10:12.295,schaefferi,6s,false,235,drager_14,20210710_B.MTS,408,,
20210710_B.MTS,00:10:17.581,00:10:42.089,schaefferi,6s,false,250,drager_14,20210710_B.MTS,409,,
20210710_B.MTS,00:10:47.392,00:11:09.819,schaefferi,6s,false,250,drager_14,20210710_B.MTS,410,,
20210710_B.MTS,00:11:14.845,00:11:33.087,schaefferi,6s,false,260,drager_14,20210710_B.MTS,411,,
20210710_B.MTS,00:11:39.337,00:12:00.052,schaefferi,6s,false,240,drager_14,20210710_B.MTS,412,,
20210710_B.MTS,00:12:07.518,00:12:31.565,schaefferi,6s,false,250,drager_14,20210710_B.MTS,413,,
20210710_B.MTS,00:12:35.862,00:12:58.029,schaefferi,6s,false,270,drager_14,20210710_B.MTS,414,,
20210710_B.MTS,00:13:01.258,00:13:22.509,schaefferi,6s,false,255,drager_14,20210710_B.MTS,415,,
20210710_B.MTS,00:13:26.826,00:13:46.542,schaefferi,6s,false,255,drager_14,20210710_B.MTS,416,,
20210710_B.MTS,00:15:07.285,00:15:35.001,schaefferi,7s,true,180,couple_15,20210710_B.MTS,417,,
20210710_B.MTS,00:15:40.054,00:16:04.819,schaefferi,7s,true,160,couple_15,20210710_B.MTS,418,,
20210710_B.MTS,00:16:08.312,00:16:31.741,schaefferi,7s,true,165,couple_15,20210710_B.MTS,419,,
20210710_B.MTS,00:16:35.045,00:17:00.021,schaefferi,7s,true,165,couple_15,20210710_B.MTS,420,,
20210710_B.MTS,00:17:04.303,00:17:29.076,schaefferi,7s,true,170,couple_15,20210710_B.MTS,421,,
20210710_B.MTS,00:17:34.097,00:18:01.751,schaefferi,7s,true,180,couple_15,20210710_B.MTS,422,,
20210710_B.MTS,00:18:03.843,00:18:28.846,schaefferi,7s,true,190,couple_15,20210710_B.MTS,423,,
20210710_B.MTS,00:18:32.829,00:18:58.456,schaefferi,7s,true,160,couple_15,20210710_B.MTS,424,,
20210710_B.MTS,00:19:02.646,00:19:27.429,schaefferi,7s,true,155,couple_15,20210710_B.MTS,425,,
20210710_B.MTS,00:19:32.242,00:19:54.28,schaefferi,7s,true,170,couple_15,20210710_B.MTS,426,,
20210710_B.MTS,00:19:56.533,00:20:21.378,schaefferi,7s,false,160,drager_15,20210710_B.MTS,427,,
20210710_B.MTS,00:20:24.854,00:20:48.007,schaefferi,7s,false,160,drager_15,20210710_B.MTS,428,,
20210710_B.MTS,00:20:51.981,00:21:10.627,schaefferi,7s,false,150,drager_15,20210710_B.MTS,429,,
20210710_B.MTS,00:21:15.207,00:21:41.231,schaefferi,7s,false,200,drager_15,20210710_B.MTS,430,,
20210710_B.MTS,00:21:45.802,00:22:20.479,schaefferi,7s,false,215,drager_15,20210710_B.MTS,431,,
20210710_B.MTS,00:22:25.672,00:22:55.771,schaefferi,7s,false,225,drager_15,20210710_B.MTS,432,,
20210710_B.MTS,00:22:59.162,00:23:30.341,schaefferi,7s,false,240,drager_15,20210710_B.MTS,433,,
20210710_B.MTS,00:23:32.742,00:24:02.114,schaefferi,7s,false,215,drager_15,20210710_B.MTS,434,,
20210710_B.MTS,00:24:06.596,00:24:34.884,schaefferi,7s,false,210,drager_15,20210710_B.MTS,435,,
20210710_B.MTS,00:24:38.283,00:25:01.611,schaefferi,7s,false,225,drager_15,20210710_B.MTS,436,,
20210710_C.MTS,00:05:04.892,00:05:57.91,schaefferi,8s,true,255,couple_16,20210710_C.MTS,437,,
20210710_C.MTS,00:06:03.101,00:06:58.133,schaefferi,8s,true,250,couple_16,20210710_C.MTS,438,,
20210710_C.MTS,00:07:06.762,00:07:24.654,schaefferi,8s,true,290,couple_16,20210710_C.MTS,439,,
20210710_C.MTS,00:07:29.9,00:07:55.207,schaefferi,8s,true,270,couple_16,20210710_C.MTS,440,,
20210710_C.MTS,00:08:02.666,00:08:31.002,schaefferi,8s,true,275,couple_16,20210710_C.MTS,441,,
20210710_C.MTS,00:08:39.123,00:09:19.913,schaefferi,8s,true,255,couple_16,20210710_C.MTS,442,,
20210710_C.MTS,00:09:25.392,00:09:52.003,schaefferi,8s,true,240,couple_16,20210710_C.MTS,443,,
20210710_C.MTS,00:10:03.832,00:10:31.922,schaefferi,8s,true,270,couple_16,20210710_C.MTS,444,,
20210710_C.MTS,00:10:40.022,00:11:02.617,schaefferi,8s,true,275,couple_16,20210710_C.MTS,445,,
20210710_C.MTS,00:11:16.931,00:11:48.451,schaefferi,8s,true,270,couple_16,20210710_C.MTS,446,,
20210710_C.MTS,00:11:59.004,00:12:16.717,schaefferi,8s,false,250,drager_16,20210710_C.MTS,447,,
20210710_C.MTS,00:12:22.92,00:12:39.301,schaefferi,8s,false,250,drager_16,20210710_C.MTS,448,,
20210710_C.MTS,00:12:49.078,00:13:11.085,schaefferi,8s,false,255,drager_16,20210710_C.MTS,449,,
20210710_C.MTS,00:13:13.513,00:13:36.298,schaefferi,8s,false,275,drager_16,20210710_C.MTS,450,,
20210710_C.MTS,00:13:41.148,00:14:05.462,schaefferi,8s,false,310,drager_16,20210710_C.MTS,451,,
20210710_C.MTS,00:14:08.405,00:14:31.928,schaefferi,8s,false,260,drager_16,20210710_C.MTS,452,,
20210710_C.MTS,00:14:38.308,00:15:01.092,schaefferi,8s,false,280,drager_16,20210710_C.MTS,453,,
20210710_C.MTS,00:15:04.775,00:15:34.492,schaefferi,8s,false,285,drager_16,20210710_C.MTS,454,,
20210710_C.MTS,00:15:38.714,00:16:06.99,schaefferi,8s,false,290,drager_16,20210710_C.MTS,455,,
20210710_C.MTS,00:16:10.758,00:16:31.472,schaefferi,8s,false,275,drager_16,20210710_C.MTS,456,,
20210710_D.MTS,00:16:15.719,00:16:38.764,schaefferi,9s,true,40,couple_18,20210710_C.MTS,457,,
20210710_D.MTS,00:16:43.446,00:17:25.204,schaefferi,9s,true,100,couple_18,20210710_C.MTS,458,,
20210710_D.MTS,00:17:31.874,00:17:57.624,schaefferi,9s,true,170,couple_18,20210710_C.MTS,459,,
20210710_D.MTS,00:18:03.204,00:18:35.795,schaefferi,9s,true,205,couple_18,20210710_C.MTS,460,,
20210710_D.MTS,00:18:43.048,00:19:17.898,schaefferi,9s,true,265,couple_18,20210710_C.MTS,461,,
20210710_D.MTS,00:19:25.49,00:19:54.344,schaefferi,9s,true,305,couple_18,20210710_C.MTS,462,,
20210710_D.MTS,00:20:09.058,00:20:36.693,schaefferi,9s,true,285,couple_18,20210710_C.MTS,463,,
20210710_D.MTS,00:20:42.817,00:21:12.998,schaefferi,9s,true,270,couple_18,20210710_C.MTS,464,,
20210710_D.MTS,00:21:20.176,00:21:45.108,schaefferi,9s,true,265,couple_18,20210710_C.MTS,465,,
20210710_D.MTS,00:21:50.419,00:22:12.924,schaefferi,9s,true,270,couple_18,20210710_C.MTS,466,,
20210710_D.MTS,00:22:19.406,00:22:44.255,schaefferi,9s,false,275,drager_18,20210710_C.MTS,467,,
20210710_D.MTS,00:22:51.275,00:23:10.63,schaefferi,9s,false,250,drager_18,20210710_C.MTS,468,,
20210710_D.MTS,00:23:20.081,00:23:40.179,schaefferi,9s,false,275,drager_18,20210710_C.MTS,469,,
20210710_D.MTS,00:23:48.86,00:24:09.864,schaefferi,9s,false,255,drager_18,20210710_C.MTS,470,,
20210710_D.MTS,00:24:14.814,00:24:46.588,schaefferi,9s,false,270,drager_18,20210710_C.MTS,471,,
20210710_D.MTS,00:27:54.559,00:28:15.62,schaefferi,9s,false,225,drager_18,20210710_C.MTS,472,,
20210710_E.MTS,00:02:48.579,00:03:19.545,schaefferi,9s,false,260,drager_18,20210710_E.MTS,473,,
20210710_E.MTS,00:03:29.008,00:03:54.145,schaefferi,9s,false,260,drager_18,20210710_E.MTS,474,,
20210710_E.MTS,00:04:03.575,00:04:28.962,schaefferi,9s,false,275,drager_18,20210710_E.MTS,475,,
20210710_E.MTS,00:04:35.532,00:05:00.142,schaefferi,9s,false,270,drager_18,20210710_E.MTS,476,,
20210710_D.MTS,00:19:11.537,00:19:48.087,schaefferi,10s,true,265,couple_19,20210710_C.MTS,477,,
20210710_D.MTS,00:19:55.121,00:20:38.678,schaefferi,10s,true,240,couple_19,20210710_C.MTS,478,,
20210710_D.MTS,00:20:49.789,00:21:19.495,schaefferi,10s,true,245,couple_19,20210710_C.MTS,479,,
20210710_D.MTS,00:21:28.905,00:21:54.639,schaefferi,10s,true,255,couple_19,20210710_C.MTS,480,,
20210710_D.MTS,00:22:03.192,00:22:32.375,schaefferi,10s,true,250,couple_19,20210710_C.MTS,481,,
20210710_D.MTS,00:22:39.394,00:23:06.994,schaefferi,10s,true,265,couple_19,20210710_C.MTS,482,,
20210710_D.MTS,00:23:12.52,00:23:38.767,schaefferi,10s,true,240,couple_19,20210710_C.MTS,483,,
20210710_D.MTS,00:23:44.927,00:24:33.07,schaefferi,10s,true,275,couple_19,20210710_C.MTS,484,,
20210710_D.MTS,00:24:38.037,00:25:03.875,schaefferi,10s,true,275,couple_19,20210710_C.MTS,485,,
20210710_D.MTS,00:25:10.264,00:25:40.062,schaefferi,10s,true,260,couple_19,20210710_C.MTS,486,,
20210710_D.MTS,00:25:51.927,00:26:21.74,schaefferi,10s,false,275,drager_19,20210710_C.MTS,487,,
20210710_D.MTS,00:26:26.876,00:27:08.018,schaefferi,10s,false,335,drager_19,20210710_C.MTS,488,,
20210710_E.MTS,00:01:55.728,00:02:23.026,schaefferi,10s,false,265,drager_19,20210710_E.MTS,489,,
20210710_E.MTS,00:02:29.959,00:03:07.223,schaefferi,10s,false,265,drager_19,20210710_E.MTS,490,,
20210710_E.MTS,00:03:16.045,00:03:55.543,schaefferi,10s,false,255,drager_19,20210710_E.MTS,491,,
20210710_E.MTS,00:04:22.576,00:05:03.347,schaefferi,10s,false,275,drager_19,20210710_E.MTS,492,,
20210710_E.MTS,00:05:14.241,00:05:54.005,schaefferi,10s,false,240,drager_19,20210710_E.MTS,493,,
20210710_E.MTS,00:06:02.048,00:06:44.538,schaefferi,10s,false,270,drager_19,20210710_E.MTS,494,,
20210710_F.MTS,00:08:02.58,00:08:59.111,schaefferi,11s,true,95,couple_22,20210710_F.MTS,495,,
20210710_F.MTS,00:09:04.493,00:09:32.174,schaefferi,11s,true,120,couple_22,20210710_F.MTS,496,,
20210710_F.MTS,00:09:39.077,00:10:07.167,schaefferi,11s,true,110,couple_22,20210710_F.MTS,497,,
20210710_F.MTS,00:10:14.908,00:10:37.955,schaefferi,11s,true,130,couple_22,20210710_F.MTS,498,,
20210710_F.MTS,00:10:45.339,00:11:07.843,schaefferi,11s,true,115,couple_22,20210710_F.MTS,499,,
20210710_F.MTS,00:11:13.786,00:11:40.791,schaefferi,11s,true,120,couple_22,20210710_F.MTS,500,,
20210710_F.MTS,00:11:47.908,00:12:15.171,schaefferi,11s,true,115,couple_22,20210710_F.MTS,501,,
20210710_F.MTS,00:12:30.307,00:12:50.468,schaefferi,11s,true,140,couple_22,20210710_F.MTS,502,,
20210710_F.MTS,00:13:03.973,00:13:25.487,schaefferi,11s,true,180,couple_22,20210710_F.MTS,503,,
20210710_F.MTS,00:13:32.327,00:13:54.382,schaefferi,11s,true,170,couple_22,20210710_F.MTS,504,,
20210710_F.MTS,00:14:02.842,00:14:45.008,schaefferi,11s,false,100,drager_22,20210710_F.MTS,505,,
20210710_F.MTS,00:14:51.093,00:15:10.988,schaefferi,11s,false,130,drager_22,20210710_F.MTS,506,,
20210710_F.MTS,00:15:15.577,00:15:45.477,schaefferi,11s,false,165,drager_22,20210710_F.MTS,507,,
20210710_F.MTS,00:15:47.623,00:16:10.125,schaefferi,11s,false,170,drager_22,20210710_F.MTS,508,,
20210710_F.MTS,00:16:23.158,00:16:45.212,schaefferi,11s,false,205,drager_22,20210710_F.MTS,509,,
20210710_F.MTS,00:16:51.98,00:17:17.217,schaefferi,11s,false,180,drager_22,20210710_F.MTS,510,,
20210710_F.MTS,00:17:20.344,00:17:37.23,schaefferi,11s,false,185,drager_22,20210710_F.MTS,511,,
20210710_F.MTS,00:17:47.082,00:18:10.575,schaefferi,11s,false,195,drager_22,20210710_F.MTS,512,,
20210710_F.MTS,00:18:19.006,00:18:38.662,schaefferi,11s,false,240,drager_22,20210710_F.MTS,513,,
20210710_F.MTS,00:18:43.987,00:19:11.517,schaefferi,11s,false,230,drager_22,20210710_F.MTS,514,,
20210711_A.MTS,00:02:11.682,00:02:54.442,schaefferi,12s,true,160,couple_23,20210711_A.MTS,515,,
20210711_A.MTS,00:03:01.103,00:03:37.92,schaefferi,12s,true,160,couple_23,20210711_A.MTS,516,,
20210711_A.MTS,00:03:43.416,00:04:13.841,schaefferi,12s,true,155,couple_23,20210711_A.MTS,517,,
20210711_A.MTS,00:04:18.163,00:04:51.565,schaefferi,12s,true,150,couple_23,20210711_A.MTS,518,,
20210711_A.MTS,00:05:00.655,00:05:28.921,schaefferi,12s,true,155,couple_23,20210711_A.MTS,519,,
20210711_A.MTS,00:05:33.056,00:06:00.612,schaefferi,12s,true,160,couple_23,20210711_A.MTS,520,,
20210711_A.MTS,00:06:06.371,00:06:43.457,schaefferi,12s,true,165,couple_23,20210711_A.MTS,521,,
20210711_A.MTS,00:06:50.117,00:07:24.593,schaefferi,12s,true,165,couple_23,20210711_A.MTS,522,,
20210711_A.MTS,00:07:29.366,00:08:02.671,schaefferi,12s,true,160,couple_23,20210711_A.MTS,523,,
20210711_A.MTS,00:08:06.899,00:08:36.423,schaefferi,12s,true,175,couple_23,20210711_A.MTS,524,,
20210711_A.MTS,00:08:43.088,00:09:20.086,schaefferi,12s,false,190,drager_23,20210711_A.MTS,525,,
20210711_A.MTS,00:09:23.946,00:09:43.944,schaefferi,12s,false,165,drager_23,20210711_A.MTS,526,,
20210711_A.MTS,00:09:47.348,00:10:15.033,schaefferi,12s,false,170,drager_23,20210711_A.MTS,527,,
20210711_A.MTS,00:10:19.588,00:10:39.303,schaefferi,12s,false,180,drager_23,20210711_A.MTS,528,,
20210711_A.MTS,00:10:43.895,00:11:10.09,schaefferi,12s,false,170,drager_23,20210711_A.MTS,529,,
20210711_A.MTS,00:11:14.586,00:11:48.012,schaefferi,12s,false,180,drager_23,20210711_A.MTS,530,,
20210711_A.MTS,00:11:53.387,00:12:13.911,schaefferi,12s,false,140,drager_23,20210711_A.MTS,531,,
20210711_A.MTS,00:12:18.504,00:12:38.85,schaefferi,12s,false,150,drager_23,20210711_A.MTS,532,,
20210711_A.MTS,00:12:42.903,00:13:00.367,schaefferi,12s,false,140,drager_23,20210711_A.MTS,533,,
20210711_A.MTS,00:13:05.405,00:13:41.599,schaefferi,12s,false,140,drager_23,20210711_A.MTS,534,,
20210704_A.MTS,00:01:16.771,00:01:46.453,schaefferi,13s,true,120,couple_1,20210704_A.MTS,535,,
20210704_A.MTS,00:01:53.859,00:02:16.802,schaefferi,13s,true,125,couple_1,20210704_A.MTS,536,,
20210704_A.MTS,00:02:19.414,00:02:44.619,schaefferi,13s,true,120,couple_1,20210704_A.MTS,537,,
20210704_A.MTS,00:02:49.938,00:03:09.11,schaefferi,13s,true,95,couple_1,20210704_A.MTS,538,,
20210704_A.MTS,00:03:14.964,00:03:41.794,schaefferi,13s,true,110,couple_1,20210704_A.MTS,539,,
20210704_A.MTS,00:03:43.472,00:04:07.614,schaefferi,13s,true,110,couple_1,20210704_A.MTS,540,,
20210704_A.MTS,00:04:13.024,00:04:34.091,schaefferi,13s,true,95,couple_1,20210704_A.MTS,541,,
20210704_A.MTS,00:04:39.941,00:05:01.714,schaefferi,13s,true,100,couple_1,20210704_A.MTS,542,,
20210704_A.MTS,00:05:08.118,00:05:35.753,schaefferi,13s,true,70,couple_1,20210704_A.MTS,543,,
20210704_A.MTS,00:05:40.79,00:05:58.439,schaefferi,13s,true,85,couple_1,20210704_A.MTS,544,,
20210704_A.MTS,00:06:06.811,00:06:36.336,schaefferi,13s,false,100,drager_1,20210704_A.MTS,545,,
20210704_A.MTS,00:06:45.965,00:07:06.387,schaefferi,13s,false,110,drager_1,20210704_A.MTS,546,,
20210704_A.MTS,00:07:11.894,00:07:40.078,schaefferi,13s,false,160,drager_1,20210704_A.MTS,547,,
20210704_A.MTS,00:07:44.773,00:08:09.758,schaefferi,13s,false,160,drager_1,20210704_A.MTS,548,,
20210704_A.MTS,00:08:11.017,00:08:43.351,schaefferi,13s,false,150,drager_1,20210704_A.MTS,549,,
20210704_A.MTS,00:08:48.577,00:09:16.211,schaefferi,13s,false,130,drager_1,20210704_A.MTS,550,,
20210704_A.MTS,00:09:22.335,00:09:44.928,schaefferi,13s,false,140,drager_1,20210704_A.MTS,551,,
20210704_A.MTS,00:09:50.728,00:10:15.805,schaefferi,13s,false,160,drager_1,20210704_A.MTS,552,,
20210704_A.MTS,00:10:18.599,00:10:47.859,schaefferi,13s,false,200,drager_1,20210704_A.MTS,553,,
20210704_A.MTS,00:10:52.239,00:11:21.975,schaefferi,13s,false,185,drager_1,20210704_A.MTS,554,,
20210704_B.MTS,00:25:10.251,00:25:38.122,schaefferi,14s,true,110,couple_4,20210704_A.MTS,555,,
20210704_B.MTS,00:25:39.221,00:26:00.905,schaefferi,14s,true,130,couple_4,20210704_A.MTS,556,,
20210704_B.MTS,00:26:03.482,00:26:28.667,schaefferi,14s,true,130,couple_4,20210704_A.MTS,557,,
20210704_B.MTS,00:26:33.247,00:26:54.593,schaefferi,14s,true,160,couple_4,20210704_A.MTS,558,,
20210704_B.MTS,00:26:58.732,00:27:19.348,schaefferi,14s,true,130,couple_4,20210704_A.MTS,559,,
20210704_B.MTS,00:27:25.469,00:27:48.963,schaefferi,14s,true,140,couple_4,20210704_A.MTS,560,,
20210704_B.MTS,00:27:55.714,00:28:17.228,schaefferi,14s,true,135,couple_4,20210704_A.MTS,561,,
20210704_B.MTS,00:28:19.114,00:28:46.685,schaefferi,14s,true,140,couple_4,20210704_A.MTS,562,,
20210704_B.MTS,00:28:50.758,00:29:18.173,schaefferi,14s,true,145,couple_4,20210704_A.MTS,563,,
20210704_B.MTS,00:29:21.511,00:29:44.01,schaefferi,14s,true,135,couple_4,20210704_A.MTS,564,,
20210704_C.MTS,00:00:20.988,00:00:52.015,schaefferi,14s,false,135,drager_4,20210704_A.MTS,565,,
20210704_C.MTS,00:00:54.317,00:01:23.341,schaefferi,14s,false,160,drager_4,20210704_A.MTS,566,,
20210704_C.MTS,00:01:30.001,00:01:49.323,schaefferi,14s,false,170,drager_4,20210704_A.MTS,567,,
20210704_C.MTS,00:01:54.019,00:02:23.758,schaefferi,14s,false,170,drager_4,20210704_A.MTS,568,,
20210704_C.MTS,00:02:25.342,00:02:48.816,schaefferi,14s,false,165,drager_4,20210704_A.MTS,569,,
20210704_C.MTS,00:02:51.047,00:03:20.56,schaefferi,14s,false,170,drager_4,20210704_A.MTS,570,,
20210704_C.MTS,00:03:24.063,00:03:50.079,schaefferi,14s,false,175,drager_4,20210704_A.MTS,571,,
20210704_C.MTS,00:03:55.11,00:04:17.082,schaefferi,14s,false,165,drager_4,20210704_A.MTS,572,,
20210704_C.MTS,00:04:22.483,00:04:45.338,schaefferi,14s,false,170,drager_4,20210704_A.MTS,573,,
20210704_C.MTS,00:08:51.016,00:09:12.358,schaefferi,15s,true,45,couple_5,20210704_A.MTS,574,,
20210704_C.MTS,00:09:18.375,00:09:47.511,schaefferi,15s,true,60,couple_5,20210704_A.MTS,575,,
20210704_C.MTS,00:09:52.508,00:10:19.079,schaefferi,15s,true,75,couple_5,20210704_A.MTS,576,,
20210704_C.MTS,00:10:25.365,00:10:45.968,schaefferi,15s,true,60,couple_5,20210704_A.MTS,577,,
20210704_C.MTS,00:10:50.627,00:11:18.282,schaefferi,15s,true,60,couple_5,20210704_A.MTS,578,,
20210704_C.MTS,00:11:30.985,00:11:54.382,schaefferi,15s,true,65,couple_5,20210704_A.MTS,579,,
20210704_C.MTS,00:12:00.963,00:12:21.927,schaefferi,15s,true,60,couple_5,20210704_A.MTS,580,,
20210704_C.MTS,00:12:28.148,00:12:50.279,schaefferi,15s,true,70,couple_5,20210704_A.MTS,581,,
20210704_C.MTS,00:12:53.323,00:13:18.281,schaefferi,15s,true,60,couple_5,20210704_A.MTS,582,,
20210704_C.MTS,00:13:24.954,00:13:44.755,schaefferi,15s,true,60,couple_5,20210704_A.MTS,583,,
20210704_C.MTS,00:14:56.053,00:15:23.87,schaefferi,15s,false,120,drager_5,20210704_A.MTS,584,,
20210704_C.MTS,00:15:28.555,00:15:55.107,schaefferi,15s,false,130,drager_5,20210704_A.MTS,585,,
20210704_C.MTS,00:16:00.238,00:16:23.551,schaefferi,15s,false,100,drager_5,20210704_A.MTS,586,,
20210704_C.MTS,00:16:24.516,00:16:49.301,schaefferi,15s,false,150,drager_5,20210704_A.MTS,587,,
20210704_C.MTS,00:16:56.772,00:17:15.485,schaefferi,15s,false,85,drager_5,20210704_A.MTS,588,,
20210704_C.MTS,00:17:21.887,00:17:42.774,schaefferi,15s,false,90,drager_5,20210704_A.MTS,589,,
20210704_C.MTS,00:17:48.979,00:18:09.305,schaefferi,15s,false,85,drager_5,20210704_A.MTS,590,,
20210704_C.MTS,00:18:16.706,00:18:34.97,schaefferi,15s,false,80,drager_5,20210704_A.MTS,591,,
20210704_C.MTS,00:18:42.287,00:19:06.315,schaefferi,15s,false,100,drager_5,20210704_A.MTS,592,,
20210704_C.MTS,00:19:12.076,00:19:34.764,schaefferi,15s,false,95,drager_5,20210704_A.MTS,593,,
